Date,VST,CEG,CEG weight,VST weight,weightedReturn
2023-06-07,1.0173878591715046,1.0140703057925127,0.5,0.5,1.0157290824820087
2023-06-08,0.9864865693937728,1.0164079855317372,0.5,0.5,1.001447277462755
2023-06-09,1.0,1.010725713586725,0.5,0.5,1.0053628567933623
2023-06-12,0.9951652241221645,1.0049310612118814,0.5,0.5,1.000048142667023
2023-06-13,1.0080970540827545,1.0053332746404298,0.5,0.5,1.0067151643615921
2023-06-14,0.9963855480097505,0.9888593153349108,0.5,0.5,0.9926224316723307
2023-06-15,1.020959513636227,1.0027897729157262,0.5,0.5,1.0118746432759766
2023-06-16,0.9893406442130718,0.9939010191350787,0.5,0.5,0.9916208316740752
2023-06-20,1.0045863108449031,0.9903112588665859,0.5,0.5,0.9974487848557445
2023-06-21,1.007208677548872,0.9838024885142987,0.5,0.5,0.9955055830315853
2023-06-22,1.0059642240214335,0.9861880380590395,0.5,0.5,0.9960761310402365
2023-06-23,0.9920947718102695,1.0124371114765847,0.5,0.5,1.0022659416434272
2023-06-26,1.0199203514390114,1.0029879265328894,0.5,0.5,1.0114541389859504
2023-06-27,1.0074219329550982,1.0024271917646452,0.5,0.5,1.0049245623598717
2023-06-28,0.9976734828109972,0.9966980435097862,0.5,0.5,0.9971857631603918
2023-06-29,1.012048242403622,1.00353397880593,0.5,0.5,1.007791110604776
2023-06-30,1.0080644079238867,1.0074831628835121,0.5,0.5,1.0077737854036994
2023-07-03,0.9939049462948683,1.0005460330993017,0.5,0.5,0.9972254896970849
2023-07-05,1.028746462478498,1.0058952992740788,0.5,0.5,1.0173208808762886
2023-07-06,1.0040984697544604,0.9876276281656319,0.5,0.5,0.9958630489600462
2023-07-07,0.9907236207973735,1.0036261984042811,0.5,0.5,0.9971749096008273
2023-07-10,0.9910111786294376,1.0248549057682512,0.5,0.5,1.0079330421988444
2023-07-11,1.002267458469554,1.0081197563823519,0.5,0.5,1.0051936074259529
2023-07-12,1.0090497590197276,1.0180160598626387,0.5,0.5,1.0135329094411831
2023-07-13,0.9981315365139634,0.9917761067433072,0.5,0.5,0.9949538216286353
2023-07-14,0.9861475754748026,0.9971659005760392,0.5,0.5,0.9916567380254209
2023-07-17,0.9920272923295096,1.0124209424385875,0.5,0.5,1.0022241173840485
2023-07-18,1.0248756626268538,0.9915784680995134,0.5,0.5,1.0082270653631835
2023-07-19,1.0205376742327397,0.9932891758190214,0.5,0.5,1.0069134250258807
2023-07-20,1.0014637104312494,1.022801548718684,0.5,0.5,1.0121326295749666
2023-07-21,1.0361708730104828,0.9970069908939166,0.5,0.5,1.0165889319521997
2023-07-24,0.9978843822184288,0.9994823508814665,0.5,0.5,0.9986833665499477
2023-07-25,0.9929329202760913,1.010046561741789,0.5,0.5,1.0014897410089403
2023-07-26,1.011032143217384,0.9981543788808246,0.5,0.5,1.0045932610491044
2023-07-27,0.9890882369157159,0.9802753736384024,0.5,0.5,0.9846818052770592
2023-07-28,0.9864767637221074,1.0033533683505482,0.5,0.5,0.9949150660363277
2023-07-31,1.0122655749016019,1.009505078142346,0.5,0.5,1.010885326521974
2023-08-01,0.993941558225796,0.9963787337435163,0.5,0.5,0.9951601459846562
2023-08-02,1.0035854497950112,0.9922117216330465,0.5,0.5,0.9978985857140288
2023-08-03,0.9982137149273599,1.058503306675333,0.5,0.5,1.0283585108013464
2023-08-04,1.0214744816917458,1.0276847300045746,0.5,0.5,1.0245796058481602
2023-08-07,1.0056062037017424,0.9981718134293803,0.5,0.5,1.0018890085655614
2023-08-08,1.0041812462461046,1.0102167889253526,0.5,0.5,1.0071990175857286
2023-08-09,1.0517001264216304,1.002862380413767,0.5,0.5,1.0272812534176987
2023-08-10,1.01253721495946,1.0058034652038033,0.5,0.5,1.0091703400816316
2023-08-11,0.9820787611215466,1.010641329361521,0.5,0.5,0.9963600452415338
2023-08-14,1.0059720878387042,1.0041291880541263,0.5,0.5,1.0050506379464152
2023-08-15,0.9973616543645509,0.9928971151111958,0.5,0.5,0.9951293847378734
2023-08-16,0.994378311321522,0.9892695644838878,0.5,0.5,0.991823937902705
2023-08-17,0.9880278253009135,0.9973360071288077,0.5,0.5,0.9926819162148606
2023-08-18,1.0050488793892614,0.9995228840091019,0.5,0.5,1.0022858816991818
2023-08-21,1.0046884617943248,1.0127899214650955,0.5,0.5,1.0087391916297102
2023-08-22,0.9886667397288955,1.0014137273902968,0.5,0.5,0.9950402335595961
2023-08-23,1.0225893017863004,1.0205156748467243,0.5,0.5,1.0215524883165124
2023-08-24,0.9894493213357557,0.9859830150797241,0.5,0.5,0.9877161682077399
2023-08-25,1.0036654117449761,0.9901796780170864,0.5,0.5,0.9969225448810313
2023-08-28,0.9950199118157038,0.9952771133756856,0.5,0.5,0.9951485125956947
2023-08-29,1.0150151717687865,1.0016133586182028,0.5,0.5,1.0083142651934947
2023-08-30,1.02991453791128,1.0018950029726692,0.5,0.5,1.0159047704419746
2023-08-31,1.0028726254290283,0.9850578361094559,0.5,0.5,0.9939652307692421
2023-09-01,1.0117758824649496,1.0300498524615855,0.5,0.5,1.0209128674632675
2023-09-05,1.0223341284205747,0.9884424605687824,0.5,0.5,1.0053882944946786
2023-09-06,1.0095386818625893,1.0055634262445654,0.5,0.5,1.0075510540535775
2023-09-07,1.0170675354883174,1.0178169763637508,0.5,0.5,1.017442255926034
2023-09-08,1.0206774446859386,1.0009213844692413,0.5,0.5,1.01079941457759
2023-09-11,0.9891369268875726,1.0123343143666494,0.5,0.5,1.000735620627111
2023-09-12,1.0002966729399905,0.9865428621945254,0.5,0.5,0.9934197675672579
2023-09-13,0.9845697776672929,1.007096804162088,0.5,0.5,0.9958332909146905
2023-09-14,0.9957806076909316,1.029193730702494,0.5,0.5,1.0124871691967128
2023-09-15,0.9960654166586465,0.9775032051074006,0.5,0.5,0.9867843108830235
2023-09-18,1.0176236228105862,1.0073682243690476,0.5,0.5,1.012495923589817
2023-09-19,0.9959742784254826,0.9981939802896027,0.5,0.5,0.9970841293575426
2023-09-20,0.97556561192484,0.9962908696676641,0.5,0.5,0.9859282407962521
2023-09-21,1.0343225950911468,0.998274869642127,0.5,0.5,1.0162987323666368
2023-09-22,0.993124230180651,1.0038202814819335,0.5,0.5,0.9984722558312922
2023-09-25,1.0132450665577073,1.0167632386837495,0.5,0.5,1.0150041526207283
2023-09-26,0.9800949686725783,0.9668479224127318,0.5,0.5,0.973471445542655
2023-09-27,1.0100030276008392,1.0208313976868446,0.5,0.5,1.0154172126438419
2023-09-28,1.0033012412821785,0.9870879920703304,0.5,0.5,0.9951946166762544
2023-09-29,0.9925217493196444,0.997804753249449,0.5,0.5,0.9951632512845467
2023-10-02,0.9804098262536867,0.9601208999076627,0.5,0.5,0.9702653630806747
2023-10-03,0.9837073770948452,1.0015278609390728,0.5,0.5,0.992617619016959
2023-10-04,0.9809375299667579,1.0121077710601638,0.5,0.5,0.9965226505134608
2023-10-05,1.0140171774108346,1.0162021114799313,0.5,0.5,1.015109644445383
2023-10-06,0.9908891940887383,1.0212271191540625,0.5,0.5,1.0060581566214004
2023-10-09,1.0098286760598678,1.0109831836719043,0.5,0.5,1.010405929865886
2023-10-10,1.007849350582215,1.014544671874916,0.5,0.5,1.0111970112285655
2023-10-11,1.0208723200538685,1.0183186712216457,0.5,0.5,1.019595495637757
2023-10-12,0.9703996938738942,1.0056488649663946,0.5,0.5,0.9880242794201444
2023-10-13,0.9949684901071838,0.9824575190066417,0.5,0.5,0.9887130045569128
2023-10-16,1.020543679125019,1.027618853954754,0.5,0.5,1.0240812665398864
2023-10-17,1.0086714489769397,1.0027391765998848,0.5,0.5,1.0057053127884124
2023-10-18,0.9953942860900863,0.9907809553153354,0.5,0.5,0.9930876207027108
2023-10-19,0.9904382285047127,0.9846643718499599,0.5,0.5,0.9875513001773364
2023-10-20,0.9943942219617385,0.9808381662193902,0.5,0.5,0.9876161940905643
2023-10-23,0.9987472285371625,1.00008929551794,0.5,0.5,0.9994182620275511
2023-10-24,1.0253999995717922,1.019266783703312,0.5,0.5,1.022333391637552
2023-10-25,1.002446304901964,0.9803973577623224,0.5,0.5,0.9914218313321432
2023-10-26,1.0036608002056724,1.0061591397265102,0.5,0.5,1.0049099699660913
2023-10-27,0.9732523274313867,0.9827890433216379,0.5,0.5,0.9780206853765123
2023-10-30,1.0174889541427403,1.0203107021418079,0.5,0.5,1.018899828142274
2023-10-31,1.0042973115172726,0.9990267245392039,0.5,0.5,1.0016620180282383
2023-11-01,1.03698026480688,1.017091758787286,0.5,0.5,1.0270360117970831
2023-11-02,1.0215149439421778,1.0203744089407119,0.5,0.5,1.0209446764414447
2023-11-03,1.009521058592316,0.9989759891896054,0.5,0.5,1.0042485238909606
2023-11-06,1.0097170520749426,1.0654310043350645,0.5,0.5,1.0375740282050034
2023-11-07,0.9835834190290411,0.9610359345404945,0.5,0.5,0.9723096767847679
2023-11-08,0.9976976724890275,1.010928318504896,0.5,0.5,1.0043129954969618
2023-11-09,0.9968275289149959,0.995461232355681,0.5,0.5,0.9961443806353385
2023-11-10,0.9976851282160123,1.009450462676756,0.5,0.5,1.0035677954463842
2023-11-13,0.9976799834612683,0.9995894883246513,0.5,0.5,0.9986347358929598
2023-11-14,1.0238369709924107,1.0394346839739763,0.5,0.5,1.0316358274831936
2023-11-15,0.9852359056942188,0.9641954535859819,0.5,0.5,0.9747156796401004
2023-11-16,1.0011524848810849,0.999687626561533,0.5,0.5,1.000420055721309
2023-11-17,1.003454260722842,1.000164481905876,0.5,0.5,1.001809371314359
2023-11-20,0.9951231321279312,1.0048483303470843,0.5,0.5,0.9999857312375078
2023-11-21,0.9942346747519109,1.0018809969568996,0.5,0.5,0.9980578358544052
2023-11-22,1.009278395764343,1.0060403705349168,0.5,0.5,1.0076593831496299
2023-11-24,1.0014362220031139,1.0049492742139432,0.5,0.5,1.0031927481085285
2023-11-27,1.0223751244147485,1.010011185049103,0.5,0.5,1.0161931547319258
2023-11-28,0.9882155517977447,0.9948040335271352,0.5,0.5,0.9915097926624399
2023-11-29,0.9914820956402071,0.9689032941356062,0.5,0.5,0.9801926948879066
2023-11-30,1.0140320714226738,1.0038149040330473,0.5,0.5,1.0089234877278606
2023-12-01,1.0245692914597841,0.9904164123866653,0.5,0.5,1.0074928519232247
2023-12-04,1.0231533424735937,0.9919920231745702,0.5,0.5,1.0075726828240819
2023-12-05,1.0067347516865783,0.9948704520892551,0.5,0.5,1.0008026018879166
2023-12-06,0.9708322892914715,0.9519905557123972,0.5,0.5,0.9614114225019343
2023-12-07,1.0245312641315474,0.98135490852008,0.5,0.5,1.0029430863258137
2023-12-08,0.9943505220691982,1.0061521692272375,0.5,0.5,1.0002513456482178
2023-12-11,0.9978356554935272,1.0444205266455024,0.5,0.5,1.0211280910695149
2023-12-12,1.0122014397561383,0.9857080011566636,0.5,0.5,0.9989547204564009
2023-12-13,1.0211626198746895,1.0169447561496685,0.5,0.5,1.019053688012179
2023-12-14,0.9834733311566888,0.9928712849940173,0.5,0.5,0.9881723080753531
2023-12-15,1.0050680003721544,1.027249191476425,0.5,0.5,1.0161585959242898
2023-12-18,1.0021228841569183,1.0051367605153658,0.5,0.5,1.003629822336142
2023-12-19,1.0046078173463064,1.0121482261182966,0.5,0.5,1.0083780217323015
2023-12-20,0.997083941488348,0.9685456636621715,0.5,0.5,0.9828148025752598
2023-12-21,1.004785771852317,1.0111100259263515,0.5,0.5,1.0079478988893342
2023-12-22,1.0060863859026958,0.9748120241911966,0.5,0.5,0.9904492050469462
2023-12-26,1.0047341633841977,1.019422382419255,0.5,0.5,1.0120782729017264
2023-12-27,1.004712161363547,0.99872425570215,0.5,0.5,1.0017182085328484
2023-12-28,1.0114642567070005,0.9973600015624885,0.5,0.5,1.0044121291347445
2023-12-29,0.9922720292089473,0.9981213077978859,0.5,0.5,0.9951966685034166
2024-01-02,0.9883175624017957,0.9859698195222943,0.5,0.5,0.987143690962045
2024-01-03,1.0028893519741866,1.0052059688745716,0.5,0.5,1.004047660424379
2024-01-04,1.0057624617935879,0.995770455222287,0.5,0.5,1.0007664585079374
2024-01-05,1.0049477722244617,1.0076282302277522,0.5,0.5,1.0062880012261068
2024-01-08,1.0142524909361783,1.0067963028752231,0.5,0.5,1.0105243969057007
2024-01-09,1.0114971831940822,0.9953857586656052,0.5,0.5,1.0034414709298436
2024-01-10,0.9714574348115638,0.9945059874852987,0.5,0.5,0.9829817111484312
2024-01-11,1.0106604609593728,0.9746223969453488,0.5,0.5,0.9926414289523608
2024-01-12,1.0090043683403072,1.0,0.5,0.5,1.0045021841701536
2024-01-16,1.002549619149712,0.9902576714395799,0.5,0.5,0.996403645294646
2024-01-17,1.0101731324952186,1.000983838317904,0.5,0.5,1.0055784854065613
2024-01-18,0.992195236014336,0.9954431958451084,0.5,0.5,0.9938192159297222
2024-01-19,1.0192844746974576,1.027286491716115,0.5,0.5,1.0232854832067864
2024-01-22,0.9950212594375726,1.0241153941839192,0.5,0.5,1.0095683268107458
2024-01-23,0.9969974785186836,1.0126270086071667,0.5,0.5,1.0048122435629252
2024-01-24,0.984441876449365,0.9745554460272843,0.5,0.5,0.9794986612383246
2024-01-25,1.0305887174269681,1.0421891243074086,0.5,0.5,1.0363889208671884
2024-01-26,1.0086568376398897,1.0059725694600656,0.5,0.5,1.0073147035499777
2024-01-29,0.9946053149434945,0.9978560242122704,0.5,0.5,0.9962306695778824
2024-01-30,1.016518805660699,1.0071895361647607,0.5,0.5,1.0118541709127298
2024-01-31,0.9951490719646696,1.0009845551721503,0.5,0.5,0.99806681356841
2024-02-01,1.0543503728950487,1.0461474808607654,0.5,0.5,1.0502489268779072
2024-02-02,1.02981982659029,1.0162971664911584,0.5,0.5,1.0230584965407243
2024-02-05,0.9730639000544621,0.9793385018636838,0.5,0.5,0.9762012009590729
2024-02-06,0.9979238226649761,1.0313310808684342,0.5,0.5,1.014627451766705
2024-02-07,1.0115581960669382,1.0113733445413258,0.5,0.5,1.0114657703041319
2024-02-08,0.9803473248658816,0.9865658796756669,0.5,0.5,0.9834566022707742
2024-02-09,1.0076923216050773,1.0110925055885716,0.5,0.5,1.0093924135968244
2024-02-12,0.9902845479899391,0.9723083607537193,0.5,0.5,0.9812964543718292
2024-02-13,1.0324691754528799,0.9953310756998534,0.5,0.5,1.0139001255763667
2024-02-14,1.0015836039673485,1.0059416394980558,0.5,0.5,1.0037626217327023
2024-02-15,1.025299267148434,1.021994250734916,0.5,0.5,1.0236467589416751
2024-02-16,1.0041859929624035,0.9974147753149988,0.5,0.5,1.0008003841387012
2024-02-20,1.0125053750591129,1.0048795160510582,0.5,0.5,1.0086924455550856
2024-02-21,1.000650070656199,0.996964729158187,0.5,0.5,0.9988073999071929
2024-02-22,1.0311823641772497,1.0151446092966985,0.5,0.5,1.023163486736974
2024-02-23,1.0209995683747934,1.004498230945975,0.5,0.5,1.0127488996603842
2024-02-26,1.002673811299412,0.9942533793531741,0.5,0.5,0.998463595326293
2024-02-27,1.0457435801775405,1.1691935053128284,0.5,0.5,1.1074685427451845
2024-02-28,1.0400157161629915,1.0967516428715254,0.5,0.5,1.0683836795172583
2024-02-29,1.0286684691839714,0.9860680590806744,0.5,0.5,1.007368264132323
2024-03-01,0.9992665510950554,1.009142239817479,0.5,0.5,1.0042043954562672
2024-03-04,1.045688090087022,1.0352962099381025,0.5,0.5,1.0404921500125623
2024-03-05,1.0333390947198493,1.004431892332179,0.5,0.5,1.0188854935260143
2024-03-06,1.0341315725016922,1.0181592642077963,0.5,0.5,1.0261454183547443
2024-03-07,1.0128077589470081,0.9997382681946868,0.5,0.5,1.0062730135708475
2024-03-08,0.9807069092995032,0.949827517505098,0.5,0.5,0.9652672134023006
2024-03-11,0.9596627379414877,0.9844050917079544,0.5,0.5,0.972033914824721
2024-03-12,1.037037150898324,1.002739630390749,0.5,0.5,1.0198883906445366
2024-03-13,1.0159467949100487,0.996970988189729,0.5,0.5,1.0064588915498889
2024-03-14,1.0318835650305611,0.9808174296245685,0.5,0.5,1.0063504973275648
2024-03-15,0.9754397226376958,1.0053448931289084,0.5,0.5,0.9903923078833021
2024-03-18,1.0149446848522299,1.0200578093658796,0.5,0.5,1.0175012471090548
2024-03-19,1.022725448037309,1.021144429672969,0.5,0.5,1.0219349388551389
2024-03-20,1.048209736441541,1.01914034997862,0.5,0.5,1.0336750432100805
2024-03-21,1.0242698219242303,0.99100791847109,0.5,0.5,1.0076388701976602
2024-03-22,1.010530813483938,1.0236031837298607,0.5,0.5,1.0170669986068992
2024-03-25,1.0305397719323968,1.050605808564112,0.5,0.5,1.0405727902482544
2024-03-26,0.9535113426502874,0.9901208266620573,0.5,0.5,0.9718160846561723
2024-03-27,1.0060394902891612,0.9971951510737324,0.5,0.5,1.0016173206814467
2024-03-28,1.019765522241491,0.9997838607193122,0.5,0.5,1.0097746914804016
2024-04-01,1.0269919721280938,1.0061129438025145,0.5,0.5,1.0165524579653042
2024-04-02,0.994687601040492,1.0115606229839071,0.5,0.5,1.0031241120121996
2024-04-03,1.0366832292196473,1.01132180073246,0.5,0.5,1.0240025149760537
2024-04-04,0.9563446769164967,0.9624198779954104,0.5,0.5,0.9593822774559535
2024-04-05,1.0679049406029493,1.0544480863812724,0.5,0.5,1.0611765134921107
2024-04-08,0.9879197007614406,0.9943028473028034,0.5,0.5,0.991111274032122
2024-04-09,0.9342919273806201,0.9797895954511566,0.5,0.5,0.9570407614158883
2024-04-10,1.0176902201896936,1.0158425443969856,0.5,0.5,1.0167663822933397
2024-04-11,1.017523902190832,1.0094203322582664,0.5,0.5,1.0134721172245493
2024-04-12,0.9686112924299509,0.9937265382617664,0.5,0.5,0.9811689153458587
2024-04-15,0.978204778663315,0.9672876293201524,0.5,0.5,0.9727462039917337
2024-04-16,0.9909114804446193,1.0067420272243601,0.5,0.5,0.9988267538344897
2024-04-17,1.015532735669655,0.993303123300665,0.5,0.5,1.00441792948516
2024-04-18,0.9596503467832553,0.9916934387500277,0.5,0.5,0.9756718927666415
2024-04-19,0.9966605386870818,0.9839008674910438,0.5,0.5,0.9902807030890628
2024-04-22,1.0161440548973473,1.0128248881618047,0.5,0.5,1.014484471529576
2024-04-23,1.0259289717927833,1.0274531554605988,0.5,0.5,1.026691063626691
2024-04-24,1.0293645652848264,0.9888979411571165,0.5,0.5,1.0091312532209715
2024-04-25,1.0286687826470005,1.0099374639508258,0.5,0.5,1.0193031232989131
2024-04-26,1.0030352644795963,1.0019148641794626,0.5,0.5,1.0024750643295295
2024-04-29,1.0723521352096281,1.0012741910549325,0.5,0.5,1.0368131631322803
2024-04-30,0.9728064871658759,0.9858438935971138,0.5,0.5,0.9793251903814948
2024-05-01,1.0134496137546296,0.9925781525510116,0.5,0.5,1.0030138831528206
2024-05-02,1.0391620542925462,1.0087775029122874,0.5,0.5,1.023969778602417
2024-05-03,1.0202827983901168,1.0466217691193078,0.5,0.5,1.0334522837547122
2024-05-06,1.0214750375781607,1.0145744437350932,0.5,0.5,1.018024740656627
2024-05-07,0.9819797826664511,1.014466382588462,0.5,0.5,0.9982230826274565
2024-05-08,1.091264883125886,1.03709611465504,0.5,0.5,1.064180498890463
2024-05-09,1.0445068550102654,1.0380288398553947,0.5,0.5,1.04126784743283
2024-05-10,1.0026832446719778,0.9954610160522265,0.5,0.5,0.9990721303621022
2024-05-13,0.9652110006754928,0.9937655084282022,0.5,0.5,0.9794882545518475
2024-05-14,1.0144171582380062,1.0194297460582258,0.5,0.5,1.016923452148116
2024-05-15,1.0594731788668978,1.025580875869223,0.5,0.5,1.0425270273680605
2024-05-16,0.96109773830406,0.9687878734154283,0.5,0.5,0.9649428058597441
2024-05-17,1.0100924523662185,0.9850697615867027,0.5,0.5,0.9975811069764606
2024-05-20,0.9726826995032837,1.0091971684764631,0.5,0.5,0.9909399339898735
2024-05-21,1.0298328502557514,1.0349653502521332,0.5,0.5,1.0323991002539423
2024-05-22,1.0003183564666895,0.9888583979718465,0.5,0.5,0.9945883772192681
2024-05-23,1.019730506790154,1.004770445831804,0.5,0.5,1.012250476310979
2024-05-24,1.0621035036944921,1.0428196077795169,0.5,0.5,1.0524615557370045
2024-05-28,1.0401566423499624,1.0027750525033041,0.5,0.5,1.0214658474266334
2024-05-29,0.9757063398242243,0.9559277944638499,0.5,0.5,0.9658170671440371
2024-05-30,1.016888562337979,1.0191175520042128,0.5,0.5,1.018003057171096
2024-05-31,0.9403056508831558,0.9657271655781178,0.5,0.5,0.9530164082306367
2024-06-03,0.9411585299945815,0.9586191058551128,0.5,0.5,0.9498888179248471
2024-06-04,0.9603218656992906,0.975415398807991,0.5,0.5,0.9678686322536407
2024-06-05,1.027358801173951,1.030471577200158,0.5,0.5,1.0289151891870545
2024-06-06,0.9376087743835954,0.9678497917532348,0.5,0.5,0.9527292830684151
2024-06-07,0.9862044848937509,0.9772951904951939,0.5,0.5,0.9817498376944724
2024-06-10,1.0370284188285703,1.0839900740407185,0.5,0.5,1.0605092464346444
2024-06-11,1.0340057813702443,1.0171457184986084,0.5,0.5,1.0255757499344265
2024-06-12,0.9927647067898592,0.9991755448611533,0.5,0.5,0.9959701258255063
2024-06-13,0.9761486803045063,1.008251779003588,0.5,0.5,0.9922002296540472
2024-06-14,0.9908369590127656,0.977129036760644,0.5,0.5,0.9839829978867047
2024-06-17,0.9594700900500857,0.9865985360193266,0.5,0.5,0.9730343130347061
2024-06-18,1.044833228274168,1.039571744001065,0.5,0.5,1.0422024861376165
2024-06-20,1.006965018948994,1.008620188375668,0.5,0.5,1.007792603662331
2024-06-21,0.9849189857559016,0.9811976374572207,0.5,0.5,0.9830583116065612
2024-06-24,1.0157725818813623,0.9906935116010954,0.5,0.5,1.003233046741229
2024-06-25,1.0133740919712704,1.029014267614578,0.5,0.5,1.021194179792924
2024-06-26,0.9608545790750631,0.9457660772736303,0.5,0.5,0.9533103281743467
2024-06-27,1.01524847127917,0.973705514746319,0.5,0.5,0.9944769930127445
2024-06-28,0.9857830055183135,0.9779764363523173,0.5,0.5,0.9818797209353154
2024-07-01,1.0158174930863837,1.02386783623729,0.5,0.5,1.0198426646618368
2024-07-02,1.004121901399322,1.005364218556663,0.5,0.5,1.0047430599779923
2024-07-03,1.0458380905554656,1.0190155556419453,0.5,0.5,1.0324268230987055
2024-07-05,0.9742695971072973,1.0058075460095146,0.5,0.5,0.9900385715584059
2024-07-08,1.039391031632723,1.0210135725521596,0.5,0.5,1.0302023020924413
2024-07-09,0.9840656177986925,1.0010663718027188,0.5,0.5,0.9925659948007057
2024-07-10,1.0099562444018697,1.016623342451022,0.5,0.5,1.0132897934264458
2024-07-11,0.9924169401289844,0.9876565985538316,0.5,0.5,0.990036769341408
2024-07-12,0.9969434139692726,1.001383502213226,0.5,0.5,0.9991634580912493
2024-07-15,0.9437206351844261,0.9803813824882303,0.5,0.5,0.9620510088363281
2024-07-16,0.9962873312639887,0.9624200276610485,0.5,0.5,0.9793536794625186
2024-07-17,0.8873877450281246,0.9111187752810521,0.5,0.5,0.8992532601545884
2024-07-18,1.004593226857756,1.0032678995152953,0.5,0.5,1.0039305631865256
2024-07-19,0.9989550234938365,1.0107860039857162,0.5,0.5,1.0048705137397764
2024-07-22,1.035307976331313,1.0059163271508915,0.5,0.5,1.0206121517411022
2024-07-23,1.0113679137942053,0.9971117420978773,0.5,0.5,1.0042398279460414
2024-07-24,0.9064567673002221,0.9221045836065244,0.5,0.5,0.9142806754533732
2024-07-25,0.9696886330700408,0.9734406586987584,0.5,0.5,0.9715646458843996
2024-07-26,1.0105145201324937,1.0270492322392382,0.5,0.5,1.0187818761858658
2024-07-29,1.001687140148882,0.9865173935450678,0.5,0.5,0.994102266846975
2024-07-30,0.9685570548268501,0.9768937283015142,0.5,0.5,0.9727253915641821
2024-07-31,1.1481161808361777,1.1251406139367646,0.5,0.5,1.1366283973864713
2024-08-01,0.9598583731487266,0.9355639420175059,0.5,0.5,0.9477111575831163
2024-08-02,0.9525250635050314,0.9409246690743682,0.5,0.5,0.9467248662896999
2024-08-05,0.9692114405362025,1.0172970783864292,0.5,0.5,0.9932542594613158
2024-08-06,1.0596866856048808,1.0651290033857506,0.5,0.5,1.0624078444953158
2024-08-07,0.9940852290593564,0.992377477599117,0.5,0.5,0.9932313533292367
2024-08-08,1.069371292288586,1.041021896743701,0.5,0.5,1.0551965945161434
2024-08-09,0.9944361145998498,1.0151847926184339,0.5,0.5,1.0048104536091418
2024-08-12,0.9913528815947628,0.9884601039782083,0.5,0.5,0.9899064927864856
2024-08-13,1.0319394602808256,1.0111034566567136,0.5,0.5,1.0215214584687695
2024-08-14,0.9850839716229925,0.9827886445024109,0.5,0.5,0.9839363080627017
2024-08-15,1.0277602363408163,1.0227773203647352,0.5,0.5,1.0252687783527756
2024-08-16,0.9742172181146271,0.9978465400096611,0.5,0.5,0.9860318790621441
2024-08-19,1.0175173886057178,1.0147383458063466,0.5,0.5,1.0161278672060323
2024-08-20,0.9863759811952854,0.989314300004861,0.5,0.5,0.9878451406000732
2024-08-21,1.0331491552197722,1.031564583739087,0.5,0.5,1.0323568694794296
2024-08-22,1.0123968204839986,0.9909018429222589,0.5,0.5,1.0016493317031288
2024-08-23,1.0296517905436247,1.0002051620511399,0.5,0.5,1.0149284762973823
2024-08-26,0.9896233821575118,0.9994870815127783,0.5,0.5,0.994555231835145
2024-08-27,0.9965833949834185,1.0064137827842365,0.5,0.5,1.0014985888838275
2024-08-28,0.9752926223963034,0.9879167772037533,0.5,0.5,0.9816046998000283
2024-08-29,1.0263030953902508,1.003457769884384,0.5,0.5,1.0148804326373173
2024-08-30,1.0089759614167193,1.011623210814488,0.5,0.5,1.0102995861156037
2024-09-03,0.8865737363699262,0.9038128505551486,0.5,0.5,0.8951932934625374
2024-09-04,1.0124108044391784,0.9985375218116801,0.5,0.5,1.0054741631254291
2024-09-05,0.9889152931016812,0.9918319360300728,0.5,0.5,0.990373614565877
2024-09-06,0.9719106391755765,0.9831885524552931,0.5,0.5,0.9775495958154348
2024-09-09,1.0169606742202084,1.0104556473031565,0.5,0.5,1.0137081607616825
2024-09-10,1.0150767781929928,1.030471132581095,0.5,0.5,1.0227739553870439
2024-09-11,1.052313302398607,1.0388348244392993,0.5,0.5,1.0455740634189532
2024-09-12,1.005121141226203,1.0143125102477974,0.5,0.5,1.0097168257370002
2024-09-13,1.0631291119150112,1.0318537927233298,0.5,0.5,1.0474914523191705
2024-09-16,1.0450028780616873,1.0166854064646051,0.5,0.5,1.0308441422631462
2024-09-17,1.0195750746803907,1.009937324425002,0.5,0.5,1.0147561995526964
2024-09-18,1.0004388829848443,0.9955274931680779,0.5,0.5,0.9979831880764611
2024-09-19,1.0169973731855178,1.0407826955076924,0.5,0.5,1.0288900343466052
2024-09-20,1.166018132025636,1.2229256280810454,0.5,0.5,1.1944718800533407
2024-09-23,1.0347608781485322,1.0083927439553009,0.5,0.5,1.0215768110519166
2024-09-24,1.006897807585238,0.9858821226144158,0.5,0.5,0.9963899650998269
2024-09-25,1.059430609367085,1.0369641504827878,0.5,0.5,1.0481973799249364
2024-09-26,0.9586831849843876,0.9768315320404428,0.5,0.5,0.9677573585124153
2024-09-27,1.0311843506244311,1.0008959467085183,0.5,0.5,1.0160401486664747
2024-09-30,1.006965537800263,1.0117507683485323,0.5,0.5,1.0093581530743978
2024-10-01,1.0338283978333458,1.0214984455555598,0.5,0.5,1.0276634216944527
2024-10-02,1.0230109720788059,0.9991339882233076,0.5,0.5,1.0110724801510567
2024-10-03,1.0564729141288427,1.0451807162440359,0.5,0.5,1.0508268151864393
2024-10-04,1.0449981277404958,1.0293828236726068,0.5,0.5,1.0371904757065513
2024-10-07,0.9484142465270942,0.9756235938443162,0.5,0.5,0.9620189201857052
2024-10-08,0.9747846156984191,1.0029797662067046,0.5,0.5,0.9888821909525618
2024-10-09,0.970459557611003,0.9387594827717464,0.5,0.5,0.9546095201913747
2024-10-10,0.9994362329181486,1.0001141213607214,0.5,0.5,0.999775177139435
2024-10-11,1.0095078002634132,1.014906239023242,0.5,0.5,1.0122070196433275
2024-10-14,1.0556309230626475,1.0207346872231526,0.5,0.5,1.0381828051429
2024-10-15,0.9699832458783697,0.9794287750987707,0.5,0.5,0.9747060104885702
2024-10-16,1.0576819298375453,1.0512868326015583,0.5,0.5,1.054484381219552
2024-10-17,0.937946752692679,0.9692638661402133,0.5,0.5,0.9536053094164462
2024-10-18,1.0305649210307564,0.9961652011956552,0.5,0.5,1.013365061113206
2024-10-21,0.994053088573877,1.0131772559833758,0.5,0.5,1.0036151722786264
2024-10-22,0.9590427663911788,0.9717960363768515,0.5,0.5,0.9654194013840152
2024-10-23,1.0085572845740158,1.000187851359396,0.5,0.5,1.004372567966706
2024-10-24,0.995797317773086,0.9941739939268553,0.5,0.5,0.9949856558499707
2024-10-25,0.9876572157351475,0.9996600431606499,0.5,0.5,0.9936586294478987
2024-10-28,1.0302346498453148,1.0097194035056958,0.5,0.5,1.0199770266755053
2024-10-29,0.9912350021381862,0.9925840724456073,0.5,0.5,0.9919095372918967
2024-10-30,0.9798672929101009,0.987848975958749,0.5,0.5,0.9838581344344249
2024-10-31,1.006848745656145,1.0045073958478685,0.5,0.5,1.0056780707520068
2024-11-01,0.9563861725671278,0.9815182339506406,0.5,0.5,0.9689522032588842
2024-11-04,0.9684543935285886,0.8754358041647181,0.5,0.5,0.9219450988466533
2024-11-05,1.053222832765771,1.0345208994038408,0.5,0.5,1.0438718660848059
2024-11-06,1.0343723563373393,1.0053048563176044,0.5,0.5,1.0198386063274718
2024-11-07,1.0764534898798717,1.0280862957000645,0.5,0.5,1.052269892789968
2024-11-08,1.045457812674666,0.9908109192321684,0.5,0.5,1.0181343659534172
2024-11-11,1.0274840332558537,0.9912270314754529,0.5,0.5,1.0093555323656533
2024-11-12,0.975034391249034,0.9638806524337777,0.5,0.5,0.9694575218414059
2024-11-13,0.9997184531702433,0.9880194222155069,0.5,0.5,0.9938689376928751
2024-11-14,0.9742472889560875,0.9974331016790361,0.5,0.5,0.9858401953175617
2024-11-15,1.026650163384274,0.9966804038306315,0.5,0.5,1.0116652836074527
2024-11-18,1.0315161980943317,1.0267523269180088,0.5,0.5,1.0291342625061701
2024-11-19,1.0561276089906182,1.0186728768586504,0.5,0.5,1.0374002429246343
2024-11-20,0.9985148393838441,1.0035808369429802,0.5,0.5,1.0010478381634123
2024-11-21,1.0774751776663285,1.069747685810409,0.5,0.5,1.0736114317383687
2024-11-22,0.9718504349721486,0.9922570051506717,0.5,0.5,0.9820537200614101
2024-11-25,0.9519515172987482,0.9961582108920217,0.5,0.5,0.974054864095385
2024-11-26,1.0552746155246882,1.0715062298843427,0.5,0.5,1.0633904227045154
2024-11-27,0.9499568655650223,0.9499867823145869,0.5,0.5,0.9499718239398046
2024-11-29,1.0344291464301567,1.0125103493769907,0.5,0.5,1.0234697479035737
2024-12-02,0.9641516823330909,0.9727938439399034,0.5,0.5,0.9684727631364971
2024-12-03,1.0003245190951529,0.9917060777086149,0.5,0.5,0.9960152984018839
2024-12-04,1.046380295444162,1.027029132544485,0.5,0.5,1.0367047139943235
2024-12-05,0.9973343725048198,1.0074351938157475,0.5,0.5,1.0023847831602837
2024-12-06,0.9944056142045059,0.9903939687839138,0.5,0.5,0.9923997914942099
2024-12-09,0.9270535159743212,0.9456689238556394,0.5,0.5,0.9363612199149802
2024-12-10,0.954217549515678,0.9686887695646268,0.5,0.5,0.9614531595401524
2024-12-11,1.03165616647783,1.0183351778282286,0.5,0.5,1.0249956721530293
2024-12-12,0.9936987439963634,1.0102282895109544,0.5,0.5,1.001963516753659
2024-12-13,0.9986902850931576,1.000209243192482,0.5,0.5,0.9994497641428198
2024-12-16,1.0030368562664447,1.0009619954818074,0.5,0.5,1.001999425874126
2024-12-17,0.9617421263219151,0.9788550246518393,0.5,0.5,0.9702985754868771
2024-12-18,0.9507764835925833,0.9637977054766239,0.5,0.5,0.9572870945346036
2024-12-19,1.0324327416403336,0.9973866592358784,0.5,0.5,1.014909700438106
2024-12-20,1.0216969074997826,1.0082160146608616,0.5,0.5,1.0149564610803221
2024-12-23,1.0060020596368158,1.0055502257162288,0.5,0.5,1.0057761426765222
2024-12-24,1.0182541601702653,1.006614624047104,0.5,0.5,1.0124343921086845
2024-12-26,1.0052316229304934,0.9949954377652583,0.5,0.5,1.0001135303478759
2024-12-27,0.9692595468642925,0.9908152335043676,0.5,0.5,0.98003739018433
2024-12-30,1.0029352829880294,0.9990288822615523,0.5,0.5,1.0009820826247908
2024-12-31,0.9841529596199369,0.988467714271241,0.5,0.5,0.986310336945589
2025-01-02,1.0855154187928127,1.0844397243198367,0.5,0.5,1.0849775715563248
2025-01-03,1.084859072588965,1.0403956154230896,0.5,0.5,1.0626273440060272
2025-01-06,1.0097931083557183,1.0470681152865624,0.5,0.5,1.0284306118211404
2025-01-07,0.9964621781790028,0.9672695833402237,0.5,0.5,0.9818658807596132
2025-01-08,0.9843301312119938,0.953878716033829,0.5,0.5,0.9691044236229114
2025-01-10,1.0368135407198558,1.2515994091149454,0.5,0.5,1.1442064749174006
2025-01-13,0.9724106557326445,0.9149708613401565,0.5,0.5,0.9436907585364005
2025-01-14,1.0516867407544002,1.034486498449666,0.5,0.5,1.043086619602033
2025-01-15,0.9921412100775887,1.04119510203525,0.5,0.5,1.0166681560564192
2025-01-16,1.0285512882349026,1.048109762736451,0.5,0.5,1.038330525485677
2025-01-17,0.9819540418450295,1.0035528182225306,0.5,0.5,0.9927534300337801
2025-01-21,1.084806188766774,1.0230118544059357,0.5,0.5,1.053909021586355
2025-01-22,1.0081468165978655,1.0272833410410023,0.5,0.5,1.017715078819434
2025-01-23,1.0269184923085677,1.0413572022288753,0.5,0.5,1.0341378472687215
2025-01-24,0.9959351992132685,1.0035238199203567,0.5,0.5,0.9997295095668126
2025-01-27,0.7172832551957745,0.7915034517410006,0.5,0.5,0.7543933534683875
2025-01-28,1.0916253444637662,1.0138183914912848,0.5,0.5,1.0527218679775254
2025-01-29,1.0372226272489895,1.046951015555401,0.5,0.5,1.0420868214021952
2025-01-30,1.1358804012690138,1.0570763082698047,0.5,0.5,1.0964783547694092
2025-01-31,0.9530913124517392,0.9722250096406997,0.5,0.5,0.9626581610462195
2025-02-03,1.002975741752502,1.0211013797821553,0.5,0.5,1.0120385607673286
2025-02-04,0.9988132712699793,1.0000652102311538,0.5,0.5,0.9994392407505666
2025-02-05,1.019485548160644,1.0244833882995958,0.5,0.5,1.0219844682301198
2025-02-06,0.9899189167824293,0.9935315727740969,0.5,0.5,0.9917252447782631
2025-02-07,0.9824581854777228,0.9935536205767697,0.5,0.5,0.9880059030272462
2025-02-10,1.0089274659957015,1.0388648507733746,0.5,0.5,1.023896158384538
2025-02-11,0.9953680189209707,0.9743654062614461,0.5,0.5,0.9848667125912084
2025-02-12,0.9940336953086445,1.000701664020418,0.5,0.5,0.9973676796645312
2025-02-13,0.9942380948736417,0.9926386254085756,0.5,0.5,0.9934383601411086
2025-02-14,1.0121339902066286,1.0186522100034079,0.5,0.5,1.0153931001050183
2025-02-18,1.009662309853311,1.0261582879100404,0.5,0.5,1.0179102988816757
2025-02-19,1.0004136691610548,0.9879147578868087,0.5,0.5,0.9941642135239317
2025-02-20,0.9635666253138317,0.9619323163784291,0.5,0.5,0.9627494708461304
2025-02-21,0.9219265335450941,0.9192682051995161,0.5,0.5,0.9205973693723051
2025-02-24,0.948949813769535,0.9412179762058179,0.5,0.5,0.9450838949876765
2025-02-25,0.9660970035758731,0.987262870915212,0.5,0.5,0.9766799372455426
2025-02-26,1.0744634208286734,1.0220574792816313,0.5,0.5,1.0482604500551522
2025-02-27,0.8773195271351552,0.9244834494768557,0.5,0.5,0.9009014883060054
2025-02-28,1.0280748607808092,1.0032234092766061,0.5,0.5,1.0156491350287076
2025-03-03,0.9273530150443307,0.9271387938843414,0.5,0.5,0.927245904464336
2025-03-04,1.024122731860758,0.9972447523761775,0.5,0.5,1.0106837421184678
2025-03-05,0.9994484148356138,0.9899419008875298,0.5,0.5,0.9946951578615717
2025-03-06,0.9017893271276282,0.905677589370705,0.5,0.5,0.9037334582491665
2025-03-07,0.9992133041500976,1.0252674482067548,0.5,0.5,1.0122403761784262
2025-03-10,0.9490027766015048,0.9513975079195512,0.5,0.5,0.950200142260528
2025-03-11,1.054106449851911,1.0315017044002666,0.5,0.5,1.042804077126089
2025-03-12,1.0661070446678842,1.0324577707802813,0.5,0.5,1.0492824077240828
2025-03-13,0.9678477158626916,0.9745529652568194,0.5,0.5,0.9712003405597556
2025-03-14,1.0547457419906119,1.0314004241682515,0.5,0.5,1.0430730830794317
2025-03-17,1.0147035124934183,1.0096090227954135,0.5,0.5,1.012156267644416
2025-03-18,0.9855095480478947,0.9648120217890217,0.5,0.5,0.9751607849184583
2025-03-19,1.0433072540352573,1.0341474853517616,0.5,0.5,1.0387273696935093
2025-03-20,1.0175425519491743,1.0063747539007293,0.5,0.5,1.0119586529249518
2025-03-21,0.9899924792726522,1.0138534329098914,0.5,0.5,1.001922956091272
2025-03-24,1.0333896512458944,1.0275979446041716,0.5,0.5,1.030493797925033
2025-03-25,0.9768042098324137,0.9923452810747969,0.5,0.5,0.9845747454536053
2025-03-26,0.9408240610735199,0.9563627293788081,0.5,0.5,0.948593395226164
2025-03-27,0.9620998385623359,0.964188641882596,0.5,0.5,0.9631442402224659
2025-03-28,0.9978208280377837,0.9817877996385563,0.5,0.5,0.98980431383817
2025-03-31,0.9864762456507371,0.9816932361804663,0.5,0.5,0.9840847409156017
2025-04-01,1.0408718910147332,1.0263355218277463,0.5,0.5,1.0336037064212398
2025-04-02,1.0404941449112586,1.03633899122306,0.5,0.5,1.0384165680671593
2025-04-03,0.8507744604930733,0.8870651809966499,0.5,0.5,0.8689198207448616
2025-04-04,0.9062932658349988,0.8986543724538668,0.5,0.5,0.9024738191444328
2025-04-07,1.0471093887082281,1.051649394348027,0.5,0.5,1.0493793915281275
2025-04-08,0.9951308783662739,1.0286445907756332,0.5,0.5,1.0118877345709536
2025-04-09,1.1549075451277164,1.1649724116193862,0.5,0.5,1.1599399783735513
2025-04-10,0.92577528647654,0.9491297614097886,0.5,0.5,0.9374525239431643
2025-04-11,1.0224235685220664,1.0183871102219342,0.5,0.5,1.0204053393720003
2025-04-14,1.0087726981732452,0.9925570011335025,0.5,0.5,1.0006648496533739
2025-04-15,1.0271541142286973,1.0083212801841472,0.5,0.5,1.0177376972064223
2025-04-16,1.0010367407980394,0.9797043918495658,0.5,0.5,0.9903705663238026
2025-04-17,0.996116298086812,1.0121946174008467,0.5,0.5,1.0041554577438294
2025-04-21,0.9228903519509999,0.9319237415224986,0.5,0.5,0.9274070467367492
2025-04-22,1.0573599981224955,1.0429365190440476,0.5,0.5,1.0501482585832715
2025-04-23,1.0654356106834133,1.0444046478104945,0.5,0.5,1.0549201292469539
2025-04-24,1.0352500236122726,1.0394184329340403,0.5,0.5,1.0373342282731564
2025-04-25,1.019399445329787,1.0225615418029104,0.5,0.5,1.0209804935663487
2025-04-28,1.0235313344918684,1.0082066515888906,0.5,0.5,1.0158689930403795
2025-04-29,0.9977626644797755,1.007250240917471,0.5,0.5,1.0025064526986234
2025-04-30,1.0023196708228077,0.9867079521463757,0.5,0.5,0.9945138114845917
2025-05-01,1.0591684578128144,1.0768662105057074,0.5,0.5,1.068017334159261
2025-05-02,1.0144208299785262,1.0276167791823316,0.5,0.5,1.021018804580429
2025-05-05,1.005169561439016,1.0040848079076157,0.5,0.5,1.004627184673316
2025-05-06,1.0342857299355033,1.1029121067138314,0.5,0.5,1.0685989183246674
2025-05-07,0.9633977054971388,0.9791833315869057,0.5,0.5,0.9712905185420222
2025-05-08,1.0101075521563698,1.0092121964012821,0.5,0.5,1.0096598742788259
2025-05-09,0.9633809690750981,1.002882739201677,0.5,0.5,0.9831318541383876
2025-05-12,1.0761692341342435,1.0512583599068157,0.5,0.5,1.0637137970205295
2025-05-13,1.0609898232714898,1.021873086263785,0.5,0.5,1.0414314547676375
2025-05-14,0.9981937213337985,0.9884400878645634,0.5,0.5,0.993316904599181
2025-05-15,0.9828074676459798,0.9869859036966895,0.5,0.5,0.9848966856713346
2025-05-16,1.029988245757469,1.025027125672471,0.5,0.5,1.02750768571497
2025-05-19,1.0044694288890088,1.0099615028433435,0.5,0.5,1.0072154658661763
2025-05-20,0.9981566016113772,0.9944902276299965,0.5,0.5,0.9963234146206869
2025-05-21,0.9684137049194161,0.9819083654871928,0.5,0.5,0.9751610352033044
2025-05-22,1.0174262768382545,1.0151857819682395,0.5,0.5,1.016306029403247
2025-05-23,1.0222336900122213,1.020654059424219,0.5,0.5,1.0214438747182202
2025-05-27,1.0360394264954924,1.0388919493452422,0.5,0.5,1.0374656879203674
2025-05-28,0.9908457521641248,0.9967320858309388,0.5,0.5,0.9937889189975317
2025-05-29,0.9838015262358749,0.9848075874724167,0.5,0.5,0.9843045568541458
2025-05-30,1.0052588502695774,1.0091638646025354,0.5,0.5,1.0072113574360564
2025-06-02,1.0429717713982032,1.0237791399755958,0.5,0.5,1.0333754556868995
2025-06-03,1.0509346085820301,0.998723764197744,0.5,0.5,1.024829186389887
2025-06-04,0.981193169445168,0.9569051498349868,0.5,0.5,0.9690491596400774
2025-06-05,0.9894608720364836,0.9677505021765165,0.5,0.5,0.9786056871065001
2025-06-06,1.0160939850093091,1.030771248052595,0.5,0.5,1.0234326165309522
2025-06-09,0.9755212827858024,1.002878271320553,0.5,0.5,0.9891997770531777
2025-06-10,0.9721320726560428,0.9711672141056201,0.5,0.5,0.9716496433808315
2025-06-11,1.012997199975409,1.0040203359127802,0.5,0.5,1.0085087679440945
2025-06-12,1.0424485981944347,1.0280298727165251,0.5,0.5,1.0352392354554798
2025-06-13,0.9993099456389235,0.9883813085349171,0.5,0.5,0.9938456270869203
2025-06-16,1.0198560945329074,1.037454992784896,0.5,0.5,1.0286555436589015
2025-06-17,1.0031037966874257,0.9925002664318746,0.5,0.5,0.9978020315596501
2025-06-18,1.0203071241676391,1.0023879073441775,0.5,0.5,1.0113475157559084
2025-06-20,1.0219179831426801,0.9950722759885857,0.5,0.5,1.0084951295656328
2025-06-23,1.0078335441989958,1.0337465186411285,0.5,0.5,1.0207900314200622
2025-06-24,0.9979628829221767,1.0172901914735928,0.5,0.5,1.0076265371978848
2025-06-25,1.0008058965131792,0.9827855472570132,0.5,0.5,0.9917957218850961
2025-06-26,1.0218977190078133,1.0233863113232848,0.5,0.5,1.022642015165549
2025-06-27,1.0243696785377436,0.9927444231718445,0.5,0.5,1.008557050854794
2025-06-30,0.9936936745199398,1.0080894249154286,0.5,0.5,1.0008915497176842
2025-07-01,0.9550591652679806,0.9540215704184722,0.5,0.5,0.9545403678432265
2025-07-02,1.0103727038516794,0.9958106658898198,0.5,0.5,1.0030916848707496
2025-07-03,1.0276974952619484,1.0171215775879137,0.5,0.5,1.022409536424931
2025-07-07,1.007804452671803,1.0204245640890401,0.5,0.5,1.0141145083804215
2025-07-08,0.9818275144423834,0.9830007673117483,0.5,0.5,0.9824141408770659
2025-07-09,1.0359132893539211,1.0136491849204297,0.5,0.5,1.0247812371371754
2025-07-10,0.993756656794325,0.9889942844538693,0.5,0.5,0.9913754706240971
2025-07-11,1.004086278057808,1.0252534565096967,0.5,0.5,1.0146698672837524
2025-07-14,0.9909960325818092,1.0138396442670927,0.5,0.5,1.002417838424451
2025-07-15,0.9823417280011876,0.975459377347093,0.5,0.5,0.9789005526741403
2025-07-16,0.9621675811312147,0.969212970377228,0.5,0.5,0.9656902757542214
2025-07-17,0.9884320627635755,0.9996105027490761,0.5,0.5,0.9940212827563258
2025-07-18,1.060494480398676,1.0433006308968271,0.5,0.5,1.0518975556477517
2025-07-21,0.9752344271175658,0.9889862875734499,0.5,0.5,0.9821103573455079
2025-07-22,1.0045689300064922,0.9997168450828952,0.5,0.5,1.0021428875446936
2025-07-23,1.058332010239129,1.0185972718106244,0.5,0.5,1.0384646410248766
2025-07-24,0.9806116343665013,0.993728777963238,0.5,0.5,0.9871702061648697
2025-07-25,0.9794129378164615,1.0176577611395545,0.5,0.5,0.998535349478008
2025-07-28,1.0191467262445313,1.0040018709510483,0.5,0.5,1.0115742985977898
2025-07-29,1.0108230417888149,1.0056592743296104,0.5,0.5,1.0082411580592128
2025-07-30,1.0457070606853691,1.0446266140948817,0.5,0.5,1.0451668373901253
2025-07-31,1.0071962462987314,1.0074435077443615,0.5,0.5,1.0073198770215464
2025-08-01,0.9976503898498957,0.9796744941576485,0.5,0.5,0.9886624420037722
2025-08-04,1.0288872315409188,1.0414356197878007,0.5,0.5,1.0351614256643598
2025-08-05,0.9791648270687301,0.9681028714875755,0.5,0.5,0.9736338492781528
2025-08-06,0.9582537836886427,0.9851265627529472,0.5,0.5,0.971690173220795
2025-08-07,1.0235996704227612,0.9939433441956316,0.5,0.5,1.0087715073091963
2025-08-08,0.983121675981716,0.9980825901538734,0.5,0.5,0.9906021330677947
2025-08-11,0.9899069885135554,0.9872680281583717,0.5,0.5,0.9885875083359635
2025-08-12,1.047381066941963,1.0213579986414276,0.5,0.5,1.0343695327916953
2025-08-13,0.9795762649301706,0.967687645152431,0.5,0.5,0.9736319550413008
2025-08-14,0.9857268096472935,0.9956657698820447,0.5,0.5,0.9906962897646692
2025-08-15,0.9751915202494867,0.9877993271733418,0.5,0.5,0.9814954237114143
2025-08-18,1.0082602698755878,1.0028834837228406,0.5,0.5,1.0055718767992143
2025-08-19,0.9726578288398193,0.9828514621506316,0.5,0.5,0.9777546454952255
2025-08-20,0.9968478743176951,0.9904645493303559,0.5,0.5,0.9936562118240255
2025-08-21,0.9863667294204709,0.9946214051399883,0.5,0.5,0.9904940672802296
2025-08-22,1.000945945619598,0.9924485620795456,0.5,0.5,0.9966972538495718
2025-08-25,0.9980048641489255,1.0016764861798066,0.5,0.5,0.999840675164366
2025-08-26,1.0265150712365343,1.0189906001697153,0.5,0.5,1.0227528357031248
2025-08-27,0.9973350017702283,0.9979783938727922,0.5,0.5,0.9976566978215102
2025-08-28,1.0107912757363087,1.0114261501579334,0.5,0.5,1.011108712947121
2025-08-29,0.9614133575047386,0.9637929037363029,0.5,0.5,0.9626031306205207
2025-09-02,0.9825498811163521,0.9974349369703066,0.5,0.5,0.9899924090433294
2025-09-03,1.0124321306731436,1.0041993198697752,0.5,0.5,1.0083157252714594
2025-09-04,1.0085582561181174,1.0018802024289366,0.5,0.5,1.0052192292735271
2025-09-05,0.990881746070062,0.9757974600013365,0.5,0.5,0.9833396030356992
2025-09-08,1.000053284934752,0.9908483182461414,0.5,0.5,0.9954508015904467
2025-09-09,1.0306899167789068,1.0066931083737427,0.5,0.5,1.0186915125763247
2025-09-10,1.0796263438376241,1.0637590280989857,0.5,0.5,1.071692685968305
2025-09-11,0.9753357307450443,0.9937498922774932,0.5,0.5,0.9845428115112688
2025-09-12,1.0276892906997936,1.0172328086483367,0.5,0.5,1.0224610496740651
2025-09-15,1.0182165806083565,1.0214541473758871,0.5,0.5,1.0198353639921218
2025-09-16,0.9808448103086138,0.9772712477486576,0.5,0.5,0.9790580290286357
2025-09-17,0.9946521913040897,0.9949367408112127,0.5,0.5,0.9947944660576512
2025-09-18,1.0088810804801087,1.00446652443322,0.5,0.5,1.0066738024566644
2025-09-19,1.0064114921740772,1.0253788902369572,0.5,0.5,1.0158951912055172
2025-09-22,1.0314274766443534,1.0490178421037573,0.5,0.5,1.0402226593740553
2025-09-23,0.9372246405283644,0.9698374536769196,0.5,0.5,0.953531047102642
2025-09-24,0.9893262977922087,1.0073666908561087,0.5,0.5,0.9983464943241587
2025-09-25,0.9978223883047327,0.9622563568050956,0.5,0.5,0.9800393725549141
2025-09-26,1.0277750731483164,1.01510739258019,0.5,0.5,1.021441232864253
2025-09-29,0.955216674135477,1.0090716113684062,0.5,0.5,0.9821441427519415
2025-09-30,0.9897948337906574,0.9844583195680064,0.5,0.5,0.9871265766793319
2025-10-01,1.0285320717736965,1.06633842689427,0.5,0.5,1.0474352493339834
2025-10-02,1.0056572587325887,1.018694809066998,0.5,0.5,1.0121760338997934
2025-10-03,0.9967432054411891,1.0071056667810443,0.5,0.5,1.0019244361111168
2025-10-06,0.992177894440776,1.011388946199043,0.5,0.5,1.0017834203199096
2025-10-07,0.9960579988450071,0.9836858388937774,0.5,0.5,0.9898719188693923
2025-10-08,1.0347159390367402,1.035849777656333,0.5,0.5,1.0352828583465365
2025-10-09,1.0167030663599423,1.0329650045082022,0.5,0.5,1.0248340354340724
2025-10-10,0.937428541118202,0.9615374313518219,0.5,0.5,0.9494829862350119
2025-10-13,1.0644620902240596,1.0337051799785715,0.5,0.5,1.0490836351013155
2025-10-14,0.9807204912996944,1.022708708962837,0.5,0.5,1.0017146001312658
2025-10-15,1.0259842212491666,1.036939183652473,0.5,0.5,1.03146170245082
2025-10-16,0.9978657102045047,0.9816314384744441,0.5,0.5,0.9897485743394744
2025-10-17,0.9569867739495043,0.9747054507149608,0.5,0.5,0.9658461123322326
2025-10-20,0.9646883774654523,0.9573092555543188,0.5,0.5,0.9609988165098855
2025-10-21,0.9602552945046552,0.9697026888616229,0.5,0.5,0.964978991683139
2025-10-22,0.9963006945129197,0.9756681933826593,0.5,0.5,0.9859844439477895
2025-10-23,1.029812109989674,1.044963755636444,0.5,0.5,1.037387932813059
2025-10-24,1.0527773824467703,1.0639420851927317,0.5,0.5,1.058359733819751
2025-10-27,0.9892292145508321,1.0050360663791433,0.5,0.5,0.9971326404649877
2025-10-28,0.9562969837864886,0.9841492874648683,0.5,0.5,0.9702231356256785
2025-10-29,1.0460674641700312,1.0428106590333692,0.5,0.5,1.0444390616017003
2025-10-30,0.95154745472832,0.9527939075380416,0.5,0.5,0.9521706811331808
2025-10-31,0.9925675545430048,0.9856723679126604,0.5,0.5,0.9891199612278326
2025-11-03,1.025172553697209,1.001883247436736,0.5,0.5,1.0135279005669724
2025-11-04,0.9621840699973779,0.9605783051367747,0.5,0.5,0.9613811875670764
2025-11-05,1.0196510480265133,1.001185122502633,0.5,0.5,1.0104180852645732
2025-11-06,0.9748138910504831,0.96710258107906,0.5,0.5,0.9709582360647715
2025-11-07,1.0345574944368243,1.0201821996747669,0.5,0.5,1.0273698470557955
2025-11-10,0.9857591000950979,1.0070872276606986,0.5,0.5,0.9964231638778982
2025-11-11,0.9515615858757036,0.9743441199502041,0.5,0.5,0.9629528529129538
2025-11-12,0.995032414507372,1.0066822745855217,0.5,0.5,1.0008573445464468
2025-11-13,0.9623603857644828,0.9483644866486471,0.5,0.5,0.9553624362065649
2025-11-14,1.0182444338886765,1.008280226642091,0.5,0.5,1.0132623302653836
2025-11-17,1.0017744638025676,1.0015911598169285,0.5,0.5,1.001682811809748
2025-11-18,0.9966857356795077,1.0020077728108865,0.5,0.5,0.999346754245197
2025-11-19,1.0270610807326015,1.053425810482812,0.5,0.5,1.0402434456077068
2025-11-20,0.9701351261436713,0.9672707777222797,0.5,0.5,0.9687029519329755
2025-11-21,0.970078839430615,0.9778182517271944,0.5,0.5,0.9739485455789048
2025-11-24,1.0388516377299584,1.0473071132885563,0.5,0.5,1.0430793755092573
2025-11-25,0.9754482181657623,0.9929117233406121,0.5,0.5,0.9841799707531872
2025-11-26,1.034886501542719,1.0213171401516636,0.5,0.5,1.0281018208471915
2025-11-28,1.0116515374037094,1.0146759245645818,0.5,0.5,1.0131637309841457
2025-12-01,0.9708150954591565,0.9854265559993794,0.5,0.5,0.978120825729268
2025-12-02,0.9937227851285805,1.0128673715909589,0.5,0.5,1.0032950783597696
2025-12-03,0.994784035518323,0.9933730169082999,0.5,0.5,0.9940785262133114
2025-12-04,1.0257501857680957,1.0203731306740171,0.5,0.5,1.0230616582210565
2025-12-05,0.9494518239555352,0.9761272401287872,0.5,0.5,0.9627895320421611
2025-12-08,0.9937190031206824,0.9940247710699163,0.5,0.5,0.9938718870952994
2025-12-09,0.9921141190574965,1.0041378405069394,0.5,0.5,0.998125979782218
2025-12-10,1.0021843320778931,1.0081303695169304,0.5,0.5,1.0051573507974116
2025-12-11,1.0570927588731742,1.0456541526613745,0.5,0.5,1.0513734557672745
2025-12-12,0.9742267345585276,0.9296882825040907,0.5,0.5,0.9519575085313092
2025-12-15,0.9891240315384016,1.014659954191067,0.5,0.5,1.0018919928647343
2025-12-16,1.0309063803561251,1.0237582196615092,0.5,0.5,1.0273323000088173
2025-12-17,0.9222831161242379,0.9325674611671689,0.5,0.5,0.9274252886457034
2025-12-18,1.0387571993513112,1.0588907659997722,0.5,0.5,1.0488239826755417
2025-12-19,0.9811037409373858,0.9843512487026059,0.5,0.5,0.9827274948199959
2025-12-22,0.9924264117159739,1.0067811045700528,0.5,0.5,0.9996037581430133
2025-12-23,1.0006189577734619,1.0098375971046791,0.5,0.5,1.0052282774390706
2025-12-24,1.001793819959451,1.0072510520822984,0.5,0.5,1.0045224360208747
2025-12-26,0.9982093920687956,0.9904106957940805,0.5,0.5,0.9943100439314381
2025-12-29,1.0010514355663274,0.9940908246074043,0.5,0.5,0.9975711300868658
2025-12-30,1.004819627683313,0.996623291787426,0.5,0.5,1.0007214597353695
2025-12-31,0.992067421933739,0.9892193544947953,0.5,0.5,0.9906433882142671
2026-01-02,1.0241740319666013,1.0367424773398821,0.5,0.5,1.0304582546532417
2026-01-05,0.9860799599621297,0.9691194519558435,0.5,0.5,0.9775997059589866
2026-01-06,1.040508254812752,0.9989856939123786,0.5,0.5,1.0197469743625653
2026-01-07,0.9119330433756703,0.9550172424984429,0.5,0.5,0.9334751429370566
2026-01-08,0.9741267697061414,0.9524849903128906,0.5,0.5,0.963305880009516
2026-01-09,1.104714386578218,1.0619457866429036,0.5,0.5,1.0833300866105608
2026-01-12,1.0373265201929656,0.9805558556401958,0.5,0.5,1.0089411879165806
2026-01-13,0.9932784089238973,0.9930625837344293,0.5,0.5,0.9931704963291633
2026-01-14,0.985707660401304,0.990555586194442,0.5,0.5,0.988131623297873
2026-01-15,1.0663430673851586,1.0327501669348247,0.5,0.5,1.0495466171599916
2026-01-16,0.9246309633749117,0.9018463857437256,0.5,0.5,0.9132386745593186
2026-01-20,0.9412364409565289,0.9599948318696597,0.5,0.5,0.9506156364130943
2026-01-21,1.0204707338224834,0.9965132628733312,0.5,0.5,1.0084919983479073
2026-01-22,1.0021246497469394,0.9761523732842701,0.5,0.5,0.9891385115156047
2026-01-23,0.9985033876968121,1.005950879653575,0.5,0.5,1.0022271336751936
2026-01-26,0.9918186555646836,0.9868885466109775,0.5,0.5,0.9893536010878305
2026-01-27,1.0343176768305555,1.0122342283092483,0.5,0.5,1.023275952569902
2026-01-28,1.0084013641321647,0.997194843285478,0.5,0.5,1.0027981037088214
2026-01-29,0.9815261985158563,0.9982635547055733,0.5,0.5,0.9898948766107147
2026-01-30,0.9739820990480744,0.9764479506096915,0.5,0.5,0.9752150248288829
2026-02-02,0.974171053783142,0.9650849154988613,0.5,0.5,0.9696279846410016
2026-02-03,0.9918320578703385,0.9910292742859609,0.5,0.5,0.9914306660781497
2026-02-04,0.9315032363298233,0.9329856222145962,0.5,0.5,0.9322444292722099
2026-02-05,1.0038591398929635,0.9864249782989917,0.5,0.5,0.9951420590959776
2026-02-06,1.0459914243266621,1.0581235600423473,0.5,0.5,1.0520574921845047
2026-02-09,1.022185086493892,1.0410450137657707,0.5,0.5,1.0316150501298313
2026-02-10,1.0433418552977436,0.9962888243794099,0.5,0.5,1.0198153398385768
2026-02-11,1.0034460484943606,1.0210592296407035,0.5,0.5,1.012252639067532
2026-02-12,1.0184203435988617,0.9973631454583685,0.5,0.5,1.007891744528615
2026-02-13,1.0514408309780792,1.0445821409403517,0.5,0.5,1.0480114859592153
2026-02-17,1.012770305482472,1.050549534039956,0.5,0.5,1.031659919761214
2026-02-18,0.982093619075788,0.9704299701364455,0.5,0.5,0.9762617946061167
2026-02-19,1.0113149864627213,0.991872170471568,0.5,0.5,1.0015935784671446
2026-02-20,0.9936231350026041,1.0109030686648508,0.5,0.5,1.0022631018337274
2026-02-23,0.978996516892075,0.9964726960933915,0.5,0.5,0.9877346064927333
2026-02-24,1.022765153032792,1.0641253031426834,0.5,0.5,1.0434452280877378
2026-02-25,1.021792355852929,1.0422210185465366,0.5,0.5,1.0320066871997327
2026-02-26,1.008325798526184,0.9930027300577337,0.5,0.5,1.0006642642919588
2026-02-27,0.9834294681519388,1.0195327191206796,0.5,0.5,1.0014810936363092
2026-03-02,0.9545689915523274,0.9917545407919768,0.5,0.5,0.9731617661721521
2026-03-03,0.9741550192562214,0.9930002776576174,0.5,0.5,0.9835776484569194
2026-03-04,1.0102659662176177,0.9937822439110052,0.5,0.5,1.0020241050643115
2026-03-05,1.024730584283016,1.028558097082438,0.5,0.5,1.026644340682727
2026-03-06,0.9477299701408781,0.9608215781785001,0.5,0.5,0.9542757741596891
2026-03-09,1.0313268013223769,1.0136739707446782,0.5,0.5,1.0225003860335276
2026-03-10,1.0047671956723288,0.9817332079909018,0.5,0.5,0.9932502018316153
2026-03-11,0.9681265969114938,0.9482796263492614,0.5,0.5,0.9582031116303776
2026-03-12,1.0026387939673793,1.0028601124751912,0.5,0.5,1.0027494532212853
2026-03-13,0.9960520827867669,1.0007294851681485,0.5,0.5,0.9983907839774577
2026-03-16,1.0191256047916533,1.0126255702513274,0.5,0.5,1.0158755875214904
2026-03-17,1.0144453043682085,1.0069048798365066,0.5,0.5,1.0106750921023575
2026-03-18,1.0352339314505257,1.0309727722317392,0.5,0.5,1.0331033518411323
2026-03-19,0.9838349831450118,0.9976356982774071,0.5,0.5,0.9907353407112094
2026-03-20,0.8736284462641245,0.89104811839905,0.5,0.5,0.8823382823315873
2026-03-23,1.0360908701511782,1.0275542347349,0.5,0.5,1.031822552443039
2026-03-24,1.0094520986055289,1.0175662203681448,0.5,0.5,1.0135091594868368
2026-03-25,0.9920769597682326,1.0287265318959717,0.5,0.5,1.0104017458321022
2026-03-26,1.0052142338694774,0.9731965829122233,0.5,0.5,0.9892054083908504
2026-03-27,1.0208797939071645,1.0213421695936158,0.5,0.5,1.02111098175039
2026-03-30,0.9489323214587669,0.9904473879953556,0.5,0.5,0.9696898547270613
2026-03-31,1.0189101848439903,0.9351663049520695,0.5,0.5,0.9770382448980299
2026-04-01,1.024146909057395,1.0007519480873428,0.5,0.5,1.0124494285723689
2026-04-02,0.9819432715195151,0.9762399981013086,0.5,0.5,0.9790916348104118
2026-04-06,1.0027120232965527,1.0085770641788647,0.5,0.5,1.0056445437377088
2026-04-07,1.0137871653036528,0.9906235587266409,0.5,0.5,1.0022053620151468
2026-04-08,1.0143805753461326,1.0428865295028227,0.5,0.5,1.0286335524244776
2026-04-09,0.9798575957281264,0.9858585159156343,0.5,0.5,0.9828580558218803
2026-04-10,1.0129623288218597,1.0223015936549582,0.5,0.5,1.017631961238409
2026-04-13,1.0224261702095137,1.0182198287528341,0.5,0.5,1.020322999481174
2026-04-14,1.036472846926468,1.0167626546323378,0.5,0.5,1.026617750779403
2026-04-15,0.9937183706066423,0.9936617389575834,0.5,0.5,0.9936900547821128
2026-04-16,1.015895398914223,1.0149628772180828,0.5,0.5,1.0154291380661529
2026-04-17,0.9874947617912471,0.9902051841348137,0.5,0.5,0.9888499729630305
2026-04-20,0.9763856573363024,0.9707977957625678,0.5,0.5,0.9735917265494352
2026-04-21,0.9706140209144832,0.9657115336927593,0.5,0.5,0.9681627773036212
2026-04-22,1.0056806507211946,1.034065491629683,0.5,0.5,1.019873071175439
2026-04-23,1.0068041136341532,1.0195361137584829,0.5,0.5,1.013170113696318
2026-04-24,1.0478163832206053,1.0709089684771425,0.5,0.5,1.059362675848874
2026-04-27,1.0135685770898877,1.0052307440942096,0.5,0.5,1.0093996605920488
2026-04-28,0.9672229159932132,0.9699843960172507,0.5,0.5,0.968603656005232
2026-04-29,0.9545059455486989,0.9715089984817983,0.5,0.5,0.9630074720152486
2026-04-30,1.026334633126764,1.053872085404146,0.5,0.5,1.040103359265455
2026-05-01,0.9837810591865859,0.9834184433259632,0.5,0.5,0.9835997512562745
2026-05-04,1.0358707326636158,1.043013519158753,0.5,0.5,1.0394421259111843
2026-05-05,0.997078015524596,0.9980377663571991,0.5,0.5,0.9975578909408975
2026-05-06,0.9869683780206464,1.0073652837125182,0.5,0.5,0.9971668308665823
2026-05-07,0.972581991774771,0.9643720573570418,0.5,0.5,0.9684770245659065
2026-05-08,0.9595323426369824,0.9754240882936314,0.5,0.5,0.9674782154653069
2026-05-11,1.029312224446745,0.9870236444567569,0.5,0.5,1.008167934451751
2026-05-12,0.9659322076250992,0.9796790578855213,0.5,0.5,0.9728056327553103
2026-05-13,0.9709947937055701,0.9362738673177482,0.5,0.5,0.9536343305116591
2026-05-14,0.995021339942301,1.0013459536829596,0.5,0.5,0.9981836468126304
2026-05-15,0.98435517042853,0.9722267872180905,0.5,0.5,0.9782909788233103
